{"rel11": {"b_id": {"nan_ratio": 0.0, "max": 32, "min": 1, "mean": 9.70048309178744, "num_unique": 32, "percentiles": [1.0, 2.0, 4.0, 5.0, 6.0, 8.0, 10.0, 12.0, 16.0, 21.0, 32.0], "datatype": "int"}, "m_id": {"nan_ratio": 0.0, "max": 500, "min": 1, "mean": 258.9903381642512, "num_unique": 500, "percentiles": [1.0, 57.0, 109.0, 154.0, 211.0, 262.0, 309.00000000000006, 361.0, 407.0, 461.0, 500.0], "datatype": "int"}}, "dispat": {"m_id": {"nan_ratio": 0.0, "max": 500, "min": 1, "mean": 250.5, "num_unique": 500, "percentiles": [1.0, 50.900000000000006, 100.80000000000001, 150.70000000000002, 200.60000000000002, 250.5, 300.40000000000003, 350.29999999999995, 400.20000000000005, 450.1, 500.0], "datatype": "int"}, "sex": {"nan_ratio": 0.0, "max": 1, "min": 0, "mean": 0.29, "num_unique": 2, "percentiles": [0.0, 0.0, 0.0, 0.0, 0.0, 0.0, 0.0, 0.0, 1.0, 1.0, 1.0], "datatype": "int"}, "age": {"nan_ratio": 0.0, "max": 6, "min": 0, "mean": 4.4, "num_unique": 7, "percentiles": [0.0, 2.0, 3.0, 4.0, 5.0, 5.0, 5.0, 5.0, 5.0, 6.0, 6.0], "datatype": "int"}, "Type": {"nan_ratio": 0.0, "max": 1, "min": 0, "mean": 0.588, "num_unique": 2, "percentiles": [0.0, 0.0, 0.0, 0.0, 0.0, 1.0, 1.0, 1.0, 1.0, 1.0, 1.0], "datatype": "int"}}, "rel13": {"a_id": {"nan_ratio": 0.0, "max": 196, "min": 1, "mean": 98.5, "num_unique": 196, "percentiles": [1.0, 20.5, 40.0, 59.50000000000001, 79.0, 98.5, 118.00000000000001, 137.5, 157.0, 176.5, 196.0], "datatype": "int"}, "m_id": {"nan_ratio": 0.0, "max": 500, "min": 2, "mean": 263.83673469387753, "num_unique": 196, "percentiles": [2.0, 70.5, 113.0, 146.5, 241.0, 294.5, 332.0, 358.5, 382.0, 468.5, 500.0], "datatype": "int"}}, "indis": {"got": {"nan_ratio": 0.0, "max": 4, "min": 0, "mean": 1.8608328940432262, "num_unique": 5, "percentiles": [0.0, 1.0, 1.0, 1.0, 2.0, 2.0, 2.0, 3.0, 3.0, 3.0, 4.0], "datatype": "int"}, "gpt": {"nan_ratio": 0.0, "max": 3, "min": 0, "mean": 1.4521173783166403, "num_unique": 4, "percentiles": [0.0, 1.0, 1.0, 1.0, 1.0, 1.0, 2.0, 2.0, 2.0, 2.0, 3.0], "datatype": "int"}, "alb": {"nan_ratio": 0.0, "max": 1, "min": 0, "mean": 0.3024073097873836, "num_unique": 2, "percentiles": [0.0, 0.0, 0.0, 0.0, 0.0, 0.0, 0.0, 1.0, 1.0, 1.0, 1.0], "datatype": "int"}, "tbil": {"nan_ratio": 0.0, "max": 1, "min": 0, "mean": 0.8511685116851169, "num_unique": 2, "percentiles": [0.0, 0.0, 1.0, 1.0, 1.0, 1.0, 1.0, 1.0, 1.0, 1.0, 1.0], "datatype": "int"}, "dbil": {"nan_ratio": 0.0, "max": 1, "min": 0, "mean": 0.4157441574415744, "num_unique": 2, "percentiles": [0.0, 0.0, 0.0, 0.0, 0.0, 0.0, 1.0, 1.0, 1.0, 1.0, 1.0], "datatype": "int"}, "che": {"nan_ratio": 0.0, "max": 9, "min": 0, "mean": 5.841855561412757, "num_unique": 10, "percentiles": [0.0, 5.0, 6.0, 6.0, 6.0, 6.0, 6.0, 6.0, 6.0, 7.0, 9.0], "datatype": "int"}, "ttt": {"nan_ratio": 0.0, "max": 5, "min": 0, "mean": 3.575821472500439, "num_unique": 6, "percentiles": [0.0, 1.0, 2.0, 3.0, 3.0, 4.0, 5.0, 5.0, 5.0, 5.0, 5.0], "datatype": "int"}, "ztt": {"nan_ratio": 0.0, "max": 5, "min": 0, "mean": 3.1186083289404323, "num_unique": 6, "percentiles": [0.0, 1.0, 1.0, 2.0, 3.0, 3.0, 4.0, 4.0, 5.0, 5.0, 5.0], "datatype": "int"}, "tcho": {"nan_ratio": 0.0, "max": 3, "min": 0, "mean": 1.3217360745036022, "num_unique": 4, "percentiles": [0.0, 0.0, 1.0, 1.0, 1.0, 1.0, 1.0, 2.0, 2.0, 3.0, 3.0], "datatype": "int"}, "tp": {"nan_ratio": 0.0, "max": 3, "min": 0, "mean": 1.4767176243191003, "num_unique": 4, "percentiles": [0.0, 0.0, 1.0, 1.0, 1.0, 1.0, 2.0, 2.0, 2.0, 3.0, 3.0], "datatype": "int"}, "in_id": {"nan_ratio": 0.0, "max": 5691, "min": 1, "mean": 2846.0, "num_unique": 5691, "percentiles": [1.0, 570.0, 1139.0, 1708.0000000000002, 2277.0, 2846.0, 3415.0000000000005, 3983.9999999999995, 4553.0, 5122.0, 5691.0], "datatype": "int"}}, "inf": {"dur": {"nan_ratio": 0.0, "max": 4, "min": 0, "mean": 2.010204081632653, "num_unique": 5, "percentiles": [0.0, 0.0, 1.0, 1.0, 2.0, 2.0, 3.0, 3.0, 4.0, 4.0, 4.0], "datatype": "int"}, "a_id": {"nan_ratio": 0.0, "max": 196, "min": 1, "mean": 98.5, "num_unique": 196, "percentiles": [1.0, 20.5, 40.0, 59.50000000000001, 79.0, 98.5, 118.00000000000001, 137.5, 157.0, 176.5, 196.0], "datatype": "int"}}, "Bio": {"fibros": {"nan_ratio": 0.0, "max": 4, "min": 0, "mean": 2.21875, "num_unique": 5, "percentiles": [0.0, 1.0, 1.0, 1.0, 2.0, 2.0, 3.0, 3.0, 3.8000000000000007, 4.0, 4.0], "datatype": "int"}, "activity": {"nan_ratio": 0.0, "max": 4, "min": 0, "mean": 2.15625, "num_unique": 5, "percentiles": [0.0, 1.0, 1.0, 1.0, 2.0, 2.0, 2.6000000000000014, 3.0, 3.0, 4.0, 4.0], "datatype": "int"}, "b_id": {"nan_ratio": 0.0, "max": 32, "min": 1, "mean": 16.5, "num_unique": 32, "percentiles": [1.0, 4.1, 7.2, 10.3, 13.4, 16.5, 19.6, 22.7, 25.8, 28.900000000000002, 32.0], "datatype": "int"}}, "rel12": {"in_id": {"nan_ratio": 0.0, "max": 5691, "min": 1, "mean": 2846.0, "num_unique": 5691, "percentiles": [1.0, 570.0, 1139.0, 1708.0000000000002, 2277.0, 2846.0, 3415.0000000000005, 3983.9999999999995, 4553.0, 5122.0, 5691.0], "datatype": "int"}, "m_id": {"nan_ratio": 0.0, "max": 500, "min": 1, "mean": 255.08856088560884, "num_unique": 496, "percentiles": [1.0, 55.0, 101.0, 146.0, 201.0, 255.0, 303.0, 364.0, 404.0, 461.0, 500.0], "datatype": "int"}}}