{"HOUSEHOLD_MEMBERS": {"HOUSEHOLD_ID": {"nan_ratio": 0.0, "max": 4362672, "min": 3111041, "mean": 3702226.623399221, "num_unique": 56812, "percentiles": [3111041.0, 3202822.0, 3319102.0, 3454135.8000000003, 3580201.6, 3703542.0, 3817142.0, 3942922.0, 4081291.0, 4167632.0, 4362672.0], "datatype": "int"}, "YEAR": {"nan_ratio": 0.0, "max": 2019, "min": 2015, "mean": 2016.9486294637982, "num_unique": 5, "percentiles": [2015.0, 2015.0, 2015.0, 2016.0, 2016.0, 2017.0, 2017.0, 2018.0, 2018.0, 2019.0, 2019.0], "datatype": "int"}, "MARITAL": {"nan_ratio": 0.0, "max": 5, "min": 1, "mean": 2.9147318990935895, "num_unique": 5, "percentiles": [1.0, 1.0, 1.0, 1.0, 1.0, 3.0, 5.0, 5.0, 5.0, 5.0, 5.0], "datatype": "int"}, "SEX": {"nan_ratio": 0.0, "max": 2, "min": 1, "mean": 1.5147610207127515, "num_unique": 2, "percentiles": [1.0, 1.0, 1.0, 1.0, 1.0, 2.0, 2.0, 2.0, 2.0, 2.0, 2.0], "datatype": "int"}, "AGE": {"nan_ratio": 0.0, "max": 88, "min": 0, "mean": 39.58016817735066, "num_unique": 86, "percentiles": [0.0, 8.0, 15.0, 24.0, 32.0, 39.0, 47.0, 55.0, 62.0, 70.0, 88.0], "datatype": "int"}, "WORK_STATUS": {"nan_ratio": 0.4801208547195224, "max": 3.0, "min": 1.0, "mean": 1.0939530584808426, "num_unique": 4, "percentiles": [1.0, 1.0, 1.0, 1.0, 1.0, 1.0, 1.0, 1.0, 1.0, 1.0, 3.0], "datatype": "float"}}, "HOUSEHOLDS": {"HOUSEHOLD_ID": {"nan_ratio": 0.0, "max": 4362672, "min": 3111041, "mean": 3703137.0644582133, "num_unique": 56812, "percentiles": [3111041.0, 3202773.9, 3319031.2, 3453729.7, 3580209.6, 3704211.5, 3818321.6, 3955265.3, 4082137.2, 4168271.9, 4362672.0], "datatype": "int"}, "YEAR": {"nan_ratio": 0.0, "max": 2019, "min": 2015, "mean": 2016.9508730549883, "num_unique": 5, "percentiles": [2015.0, 2015.0, 2015.0, 2016.0, 2016.0, 2017.0, 2017.0, 2018.0, 2018.0, 2019.0, 2019.0], "datatype": "int"}, "INCOME_RANK": {"nan_ratio": 0.0, "max": 1.0, "min": 9.2e-05, "mean": 0.5080628586566218, "num_unique": 55264, "percentiles": [9.2e-05, 0.10311580000000001, 0.20751740000000002, 0.3097721000000001, 0.41088440000000004, 0.511872, 0.6119122, 0.7103039, 0.8081238000000001, 0.9058927999999999, 1.0], "datatype": "float"}, "INCOME_RANK_1": {"nan_ratio": 0.0, "max": 1.0, "min": 9.2e-05, "mean": 0.5078427309899317, "num_unique": 55234, "percentiles": [9.2e-05, 0.10606750000000001, 0.2073286, 0.3086586, 0.4105066, 0.5116594999999999, 0.6103934000000003, 0.7089972999999999, 0.8080972, 0.9057177000000001, 1.0], "datatype": "float"}, "INCOME_RANK_2": {"nan_ratio": 0.0, "max": 1.0, "min": 9.2e-05, "mean": 0.507704185735408, "num_unique": 55292, "percentiles": [9.2e-05, 0.10576030000000002, 0.206853, 0.3082961, 0.409936, 0.5113485, 0.6099556, 0.709323, 0.8081782000000002, 0.9053814000000001, 1.0], "datatype": "float"}, "INCOME_RANK_3": {"nan_ratio": 0.0, "max": 1.0, "min": 9.2e-05, "mean": 0.507953743804126, "num_unique": 55298, "percentiles": [9.2e-05, 0.10609060000000001, 0.2080282, 0.30869680000000005, 0.410254, 0.511451, 0.6103948000000001, 0.709768, 0.8082608, 0.9057526, 1.0], "datatype": "float"}, "INCOME_RANK_4": {"nan_ratio": 0.0, "max": 1.0, "min": 9.2e-05, "mean": 0.5075214488488348, "num_unique": 55299, "percentiles": [9.2e-05, 0.10571030000000001, 0.2067556, 0.30805140000000003, 0.410142, 0.5109065, 0.6100954000000001, 0.7085558999999999, 0.8073698, 0.9055133000000001, 1.0], "datatype": "float"}, "INCOME_RANK_5": {"nan_ratio": 0.0, "max": 1.0, "min": 9.2e-05, "mean": 0.5076811510596353, "num_unique": 55237, "percentiles": [9.2e-05, 0.10569070000000001, 0.2067382, 0.30832610000000005, 0.40999860000000005, 0.5109085, 0.6101988000000003, 0.7092381999999999, 0.8082196, 0.9055242, 1.0], "datatype": "float"}, "INCOME_RANK_MEAN": {"nan_ratio": 0.0, "max": 1.0, "min": 9.2e-05, "mean": 0.5077722907308315, "num_unique": 55301, "percentiles": [9.2e-05, 0.1055723, 0.20691460000000003, 0.30788210000000005, 0.4097146, 0.511158, 0.6107894000000001, 0.7094495000000001, 0.8080016, 0.9055686000000001, 1.0], "datatype": "float"}, "AGE_REF": {"nan_ratio": 0.0, "max": 88, "min": 15, "mean": 51.57554741955925, "num_unique": 71, "percentiles": [15.0, 28.0, 34.0, 40.0, 46.0, 52.0, 57.0, 62.0, 68.0, 75.0, 88.0], "datatype": "int"}}, "EXPENDITURES": {"EXPENDITURE_ID": {"nan_ratio": 0.0, "max": 2020634, "min": 1, "mean": 1010317.5, "num_unique": 2020634, "percentiles": [1.0, 202064.30000000002, 404127.60000000003, 606190.9000000001, 808254.2000000001, 1010317.5, 1212380.8000000003, 1414444.0999999999, 1616507.4000000001, 1818570.7, 2020634.0], "datatype": "int"}, "HOUSEHOLD_ID": {"nan_ratio": 0.0, "max": 4362672, "min": 3111041, "mean": 3712763.273411711, "num_unique": 53506, "percentiles": [3111041.0, 3205532.0, 3358172.0, 3471631.9000000004, 3611872.0, 3711801.0, 3834372.0, 3958041.0, 4083762.0, 4169461.0, 4362672.0], "datatype": "int"}, "YEAR": {"nan_ratio": 0.0, "max": 2020, "min": 2015, "mean": 2017.0061584631358, "num_unique": 6, "percentiles": [2015.0, 2015.0, 2016.0, 2016.0, 2017.0, 2017.0, 2017.0, 2018.0, 2018.0, 2019.0, 2020.0], "datatype": "int"}, "MONTH": {"nan_ratio": 0.0, "max": 12, "min": 1, "mean": 6.492919054118658, "num_unique": 12, "percentiles": [1.0, 2.0, 3.0, 4.0, 5.0, 6.0, 8.0, 9.0, 10.0, 11.0, 12.0], "datatype": "int"}, "PRODUCT_CODE": {"nan_ratio": 0.0, "max": 999900, "min": 1000, "mean": 220864.53368348745, "num_unique": 514, "percentiles": [1000.0, 30110.0, 100110.0, 120310.0, 150310.0, 180310.0, 190112.0, 200410.0, 330510.0, 540000.0, 999900.0], "datatype": "int"}, "COST": {"nan_ratio": 0.0, "max": 67270.0, "min": 0.00783, "mean": 21.73964164418693, "num_unique": 370640, "percentiles": [0.00783, 1.31, 2.03, 2.86, 3.5302720000000005, 4.4, 5.756708000000003, 8.335301, 13.99, 30.15506, 67270.0], "datatype": "float"}, "GIFT": {"nan_ratio": 0.0, "max": 1, "min": 0, "mean": 0.02112257835906948, "num_unique": 2, "percentiles": [0.0, 0.0, 0.0, 0.0, 0.0, 0.0, 0.0, 0.0, 0.0, 0.0, 1.0], "datatype": "int"}}}